Th232U238,errTh232U238,U234U238,errU234U238,Th230U238,errTh230U238,rXY,rXZ,rYZ,yrAnalysed
0.001205,0.00001,1.0604,0.004,0.00361,0.00065,0,0,0,2017
0.0010015,0.0000077,1.0564,0.0034,0.00488,0.00063,0,0,0,2017
0.0005764,0.0000084,1.0818,0.0035,0.0018,0.0046,0,0,0,2020
